{
  "project_info": {
    "project_number": "1032992906808",
    "firebase_url": "https://case-37c67.firebaseio.com",
    "project_id": "case-37c67",
    "storage_bucket": "case-37c67.appspot.com"
  },
  "client": [
    {
      "client_info": {
        "mobilesdk_app_id": "1:1032992906808:android:b9472f03d4c1eed07550cd",
        "android_client_info": {
          "package_name": "com.example.suitcase"
        }
      },
      "oauth_client": [
        {
          "client_id": "1032992906808-bmh6uf04b832jqvvt4lbqstbtvlm9tri.apps.googleusercontent.com",
          "client_type": 3
        }
      ],
      "api_key": [
        {
          "current_key": "AIzaSyCvJMSQreE4_WDGakj9u5Zfk0l7382NvAk"
        }
      ],
      "services": {
        "appinvite_service": {
          "other_platform_oauth_client": [
            {
              "client_id": "1032992906808-bmh6uf04b832jqvvt4lbqstbtvlm9tri.apps.googleusercontent.com",
              "client_type": 3
            }
          ]
        }
      }
    }
  ],
  "configuration_version": "1"
}